gap,clip,before,after,cuts
0.0,4UEAYxGC1gE.mp4,0.0,0.0,0
0.0,523LwKMfF2I.mp4,79.48,79.43,858
0.0,6gmCC4OkFx8.mp4,0.0,0.0,12
0.0,9-ochJEQpb0.mp4,0.0,0.0,5
0.0,AjbrmfjJRk0.mp4,79.25,0.0,0
0.0,Ben_8tA6Eyg.mp4,11.5,0.0,17
0.0,CIHun1gx7zU.mp4,58.96,37.46,382
0.0,GSTB2MVHtMk.mp4,0.0,0.0,16
0.0,M5HYGDDf6wU.mp4,1.21,0.0,0
0.0,MFC0eGtaF5M.mp4,21.2,0.0,13
0.0,PFSDW2g3D8o.mp4,78.03,0.0,15
0.0,QtXx3Qubmys.mp4,0.33,0.0,8
0.0,TXeDgXiytM0.mp4,79.3,79.3,1093
0.0,UoHK74aS9sY.mp4,0.0,0.0,5
0.0,Y76O5wY7EcM.mp4,79.4,79.36,968
0.0,Z0NIxY7svlM.mp4,23.8,0.0,32
0.0,_3-eqclZgQc.mp4,17.87,0.0,31
0.0,ezm9i2nGYwQ.mp4,79.26,79.26,1107
0.0,ila-hAUXR5U.mp4,0.0,0.0,0
0.0,kMJVNerOtRI.mp4,0.0,0.0,0
0.0,xDdAHEUQ2zA.mp4,48.43,5.76,278
0.0,xbawhCyMsRI.mp4,74.1,0.0,200
0.0,yqkfZuyQPc4.mp4,0.0,0.0,27
0.0,zlmWXyIFYnM.mp4,79.36,75.77,1056
0.1,4UEAYxGC1gE.mp4,0.0,0.0,0
0.1,523LwKMfF2I.mp4,79.48,78.53,274
0.1,6gmCC4OkFx8.mp4,0.0,0.0,12
0.1,9-ochJEQpb0.mp4,0.0,0.0,5
0.1,AjbrmfjJRk0.mp4,79.25,0.0,0
0.1,Ben_8tA6Eyg.mp4,11.5,0.0,14
0.1,CIHun1gx7zU.mp4,58.96,8.64,141
0.1,GSTB2MVHtMk.mp4,0.0,0.0,11
0.1,M5HYGDDf6wU.mp4,1.21,0.0,0
0.1,MFC0eGtaF5M.mp4,21.2,0.0,10
0.1,PFSDW2g3D8o.mp4,78.03,0.0,8
0.1,QtXx3Qubmys.mp4,0.33,0.0,8
0.1,TXeDgXiytM0.mp4,79.3,16.58,297
0.1,UoHK74aS9sY.mp4,0.0,0.0,5
0.1,Y76O5wY7EcM.mp4,79.4,68.56,280
0.1,Z0NIxY7svlM.mp4,23.8,0.0,20
0.1,_3-eqclZgQc.mp4,17.87,0.0,26
0.1,ezm9i2nGYwQ.mp4,79.26,31.2,294
0.1,ila-hAUXR5U.mp4,0.0,0.0,0
0.1,kMJVNerOtRI.mp4,0.0,0.0,0
0.1,xDdAHEUQ2zA.mp4,48.43,0.0,142
0.1,xbawhCyMsRI.mp4,74.1,0.0,127
0.1,yqkfZuyQPc4.mp4,0.0,0.0,25
0.1,zlmWXyIFYnM.mp4,79.36,34.28,275
0.15,4UEAYxGC1gE.mp4,0.0,0.0,0
0.15,523LwKMfF2I.mp4,79.48,74.6,203
0.15,6gmCC4OkFx8.mp4,0.0,0.0,12
0.15,9-ochJEQpb0.mp4,0.0,0.0,5
0.15,AjbrmfjJRk0.mp4,79.25,0.0,0
0.15,Ben_8tA6Eyg.mp4,11.5,0.0,13
0.15,CIHun1gx7zU.mp4,58.96,2.77,120
0.15,GSTB2MVHtMk.mp4,0.0,0.0,10
0.15,M5HYGDDf6wU.mp4,1.21,0.0,0
0.15,MFC0eGtaF5M.mp4,21.2,0.0,9
0.15,PFSDW2g3D8o.mp4,78.03,0.0,8
0.15,QtXx3Qubmys.mp4,0.33,0.0,8
0.15,TXeDgXiytM0.mp4,79.3,13.75,214
0.15,UoHK74aS9sY.mp4,0.0,0.0,5
0.15,Y76O5wY7EcM.mp4,79.4,62.63,209
0.15,Z0NIxY7svlM.mp4,23.8,0.0,20
0.15,_3-eqclZgQc.mp4,17.87,0.0,23
0.15,ezm9i2nGYwQ.mp4,79.26,23.57,214
0.15,ila-hAUXR5U.mp4,0.0,0.0,0
0.15,kMJVNerOtRI.mp4,0.0,0.0,0
0.15,xDdAHEUQ2zA.mp4,48.43,0.0,124
0.15,xbawhCyMsRI.mp4,74.1,0.0,115
0.15,yqkfZuyQPc4.mp4,0.0,0.0,25
0.15,zlmWXyIFYnM.mp4,79.36,34.98,194
0.2,4UEAYxGC1gE.mp4,0.0,0.0,0
0.2,523LwKMfF2I.mp4,79.48,16.16,162
0.2,6gmCC4OkFx8.mp4,0.0,0.0,8
0.2,9-ochJEQpb0.mp4,0.0,0.0,5
0.2,AjbrmfjJRk0.mp4,79.25,0.0,0
0.2,Ben_8tA6Eyg.mp4,11.5,0.0,12
0.2,CIHun1gx7zU.mp4,58.96,0.54,96
0.2,GSTB2MVHtMk.mp4,0.0,0.0,8
0.2,M5HYGDDf6wU.mp4,1.21,0.0,0
0.2,MFC0eGtaF5M.mp4,21.2,0.0,8
0.2,PFSDW2g3D8o.mp4,78.03,0.0,8
0.2,QtXx3Qubmys.mp4,0.33,0.0,8
0.2,TXeDgXiytM0.mp4,79.3,0.6,168
0.2,UoHK74aS9sY.mp4,0.0,0.0,5
0.2,Y76O5wY7EcM.mp4,79.4,27.95,164
0.2,Z0NIxY7svlM.mp4,23.8,0.0,20
0.2,_3-eqclZgQc.mp4,17.87,0.0,23
0.2,ezm9i2nGYwQ.mp4,79.26,5.67,168
0.2,ila-hAUXR5U.mp4,0.0,0.0,0
0.2,kMJVNerOtRI.mp4,0.0,0.0,0
0.2,xDdAHEUQ2zA.mp4,48.43,0.0,103
0.2,xbawhCyMsRI.mp4,74.1,0.0,112
0.2,yqkfZuyQPc4.mp4,0.0,0.0,24
0.2,zlmWXyIFYnM.mp4,79.36,6.15,161
0.3,4UEAYxGC1gE.mp4,0.0,0.0,0
0.3,523LwKMfF2I.mp4,79.48,4.23,116
0.3,6gmCC4OkFx8.mp4,0.0,0.0,8
0.3,9-ochJEQpb0.mp4,0.0,0.0,5
0.3,AjbrmfjJRk0.mp4,79.25,0.0,0
0.3,Ben_8tA6Eyg.mp4,11.5,0.0,12
0.3,CIHun1gx7zU.mp4,58.96,0.0,71
0.3,GSTB2MVHtMk.mp4,0.0,0.0,6
0.3,M5HYGDDf6wU.mp4,1.21,0.0,0
0.3,MFC0eGtaF5M.mp4,21.2,0.0,7
0.3,PFSDW2g3D8o.mp4,78.03,0.0,5
0.3,QtXx3Qubmys.mp4,0.33,0.0,8
0.3,TXeDgXiytM0.mp4,79.3,1.0,119
0.3,UoHK74aS9sY.mp4,0.0,0.0,5
0.3,Y76O5wY7EcM.mp4,79.4,8.72,117
0.3,Z0NIxY7svlM.mp4,23.8,0.0,20
0.3,_3-eqclZgQc.mp4,17.87,0.0,23
0.3,ezm9i2nGYwQ.mp4,79.26,1.2,118
0.3,ila-hAUXR5U.mp4,0.0,0.0,0
0.3,kMJVNerOtRI.mp4,0.0,0.0,0
0.3,xDdAHEUQ2zA.mp4,48.43,0.0,83
0.3,xbawhCyMsRI.mp4,74.1,0.0,79
0.3,yqkfZuyQPc4.mp4,0.0,0.0,20
0.3,zlmWXyIFYnM.mp4,79.36,3.2,115
0.5,4UEAYxGC1gE.mp4,0.0,0.0,0
0.5,523LwKMfF2I.mp4,79.48,0.03,74
0.5,6gmCC4OkFx8.mp4,0.0,0.0,8
0.5,9-ochJEQpb0.mp4,0.0,0.0,5
0.5,AjbrmfjJRk0.mp4,79.25,0.0,0
0.5,Ben_8tA6Eyg.mp4,11.5,0.0,10
0.5,CIHun1gx7zU.mp4,58.96,0.0,47
0.5,GSTB2MVHtMk.mp4,0.0,0.0,4
0.5,M5HYGDDf6wU.mp4,1.21,0.0,0
0.5,MFC0eGtaF5M.mp4,21.2,0.0,7
0.5,PFSDW2g3D8o.mp4,78.03,0.0,4
0.5,QtXx3Qubmys.mp4,0.33,0.0,8
0.5,TXeDgXiytM0.mp4,79.3,0.0,74
0.5,UoHK74aS9sY.mp4,0.0,0.0,5
0.5,Y76O5wY7EcM.mp4,79.4,0.33,74
0.5,Z0NIxY7svlM.mp4,23.8,0.0,19
0.5,_3-eqclZgQc.mp4,17.87,0.0,20
0.5,ezm9i2nGYwQ.mp4,79.26,0.0,75
0.5,ila-hAUXR5U.mp4,0.0,0.0,0
0.5,kMJVNerOtRI.mp4,0.0,0.0,0
0.5,xDdAHEUQ2zA.mp4,48.43,0.0,56
0.5,xbawhCyMsRI.mp4,74.1,0.0,57
0.5,yqkfZuyQPc4.mp4,0.0,0.0,17
0.5,zlmWXyIFYnM.mp4,79.36,0.0,71
